Tissue,Index,PThresh,FE,EmpPval,NAnnotThesh,NAnnot,NThresh,N,Annotation,Datatype,Type,Category,Trait,Dataset,Sig
DLPFC,15,0.1,1.68409,-1,4113,12445,27352,139377,cmc_eQTL_fdr0.05.chrpos,eQTL,CMC1,CommonMindConsortium,GIANT_HEIGHT,CommonMindConsortium_eQTL,
DLPFC,15,0.01,2.72352,-1,1213,12445,4988,139377,cmc_eQTL_fdr0.05.chrpos,eQTL,CMC1,CommonMindConsortium,GIANT_HEIGHT,CommonMindConsortium_eQTL,
DLPFC,15,0.001,3.66049,-1,487,12445,1490,139377,cmc_eQTL_fdr0.05.chrpos,eQTL,CMC1,CommonMindConsortium,GIANT_HEIGHT,CommonMindConsortium_eQTL,
DLPFC,15,1e-04,4.4039,-1,267,12445,679,139377,cmc_eQTL_fdr0.05.chrpos,eQTL,CMC1,CommonMindConsortium,GIANT_HEIGHT,CommonMindConsortium_eQTL,
DLPFC,15,1e-05,4.73495,0,167,12445,395,139377,cmc_eQTL_fdr0.05.chrpos,eQTL,CMC1,CommonMindConsortium,GIANT_HEIGHT,CommonMindConsortium_eQTL,0
DLPFC,15,1e-06,4.56123,0,112,12445,275,139377,cmc_eQTL_fdr0.05.chrpos,eQTL,CMC1,CommonMindConsortium,GIANT_HEIGHT,CommonMindConsortium_eQTL,0
DLPFC,15,1e-07,4.73378,0,82,12445,194,139377,cmc_eQTL_fdr0.05.chrpos,eQTL,CMC1,CommonMindConsortium,GIANT_HEIGHT,CommonMindConsortium_eQTL,0
DLPFC,15,1e-08,4.84515,0,61,12445,141,139377,cmc_eQTL_fdr0.05.chrpos,eQTL,CMC1,CommonMindConsortium,GIANT_HEIGHT,CommonMindConsortium_eQTL,0
DLPFC,16,0.1,1.66074,-1,4537,13921,27352,139377,cmc_isoQTL_fdr0.05.chrpos,isoQTL,CMC1,CommonMindConsortium,GIANT_HEIGHT,CommonMindConsortium_isoQTL,
DLPFC,16,0.01,2.74788,-1,1369,13921,4988,139377,cmc_isoQTL_fdr0.05.chrpos,isoQTL,CMC1,CommonMindConsortium,GIANT_HEIGHT,CommonMindConsortium_isoQTL,
DLPFC,16,0.001,3.81665,-1,568,13921,1490,139377,cmc_isoQTL_fdr0.05.chrpos,isoQTL,CMC1,CommonMindConsortium,GIANT_HEIGHT,CommonMindConsortium_isoQTL,
DLPFC,16,1e-04,4.51203,-1,306,13921,679,139377,cmc_isoQTL_fdr0.05.chrpos,isoQTL,CMC1,CommonMindConsortium,GIANT_HEIGHT,CommonMindConsortium_isoQTL,
DLPFC,16,1e-05,4.79055,0,189,13921,395,139377,cmc_isoQTL_fdr0.05.chrpos,isoQTL,CMC1,CommonMindConsortium,GIANT_HEIGHT,CommonMindConsortium_isoQTL,0
DLPFC,16,1e-06,4.80576,0,132,13921,275,139377,cmc_isoQTL_fdr0.05.chrpos,isoQTL,CMC1,CommonMindConsortium,GIANT_HEIGHT,CommonMindConsortium_isoQTL,0
DLPFC,16,1e-07,4.90278,0,95,13921,194,139377,cmc_isoQTL_fdr0.05.chrpos,isoQTL,CMC1,CommonMindConsortium,GIANT_HEIGHT,CommonMindConsortium_isoQTL,0
DLPFC,16,1e-08,5.11251,0,72,13921,141,139377,cmc_isoQTL_fdr0.05.chrpos,isoQTL,CMC1,CommonMindConsortium,GIANT_HEIGHT,CommonMindConsortium_isoQTL,0
DLPFC,21,0.1,2.03919,-1,445,1112,27352,139377,rosmap_aceQTL_p1e-5,aceQTL,rosmap1,ROSMAP,GIANT_HEIGHT,ROSMAP_aceQTL,
DLPFC,21,0.01,4.34716,-1,173,1112,4988,139377,rosmap_aceQTL_p1e-5,aceQTL,rosmap1,ROSMAP,GIANT_HEIGHT,ROSMAP_aceQTL,
DLPFC,21,0.001,6.89785,-1,82,1112,1490,139377,rosmap_aceQTL_p1e-5,aceQTL,rosmap1,ROSMAP,GIANT_HEIGHT,ROSMAP_aceQTL,
DLPFC,21,1e-04,8.6759,-1,47,1112,679,139377,rosmap_aceQTL_p1e-5,aceQTL,rosmap1,ROSMAP,GIANT_HEIGHT,ROSMAP_aceQTL,
DLPFC,21,1e-05,10.7887,0,34,1112,395,139377,rosmap_aceQTL_p1e-5,aceQTL,rosmap1,ROSMAP,GIANT_HEIGHT,ROSMAP_aceQTL,0
DLPFC,21,1e-06,12.306,1e-05,27,1112,275,139377,rosmap_aceQTL_p1e-5,aceQTL,rosmap1,ROSMAP,GIANT_HEIGHT,ROSMAP_aceQTL,1e-05
DLPFC,21,1e-07,13.5676,3e-05,21,1112,194,139377,rosmap_aceQTL_p1e-5,aceQTL,rosmap1,ROSMAP,GIANT_HEIGHT,ROSMAP_aceQTL,3e-05
DLPFC,21,1e-08,14.2229,0.000112017,16,1112,141,139377,rosmap_aceQTL_p1e-5,aceQTL,rosmap1,ROSMAP,GIANT_HEIGHT,ROSMAP_aceQTL,0.000112017
DLPFC,22,0.1,1.15266,-1,2405,10632,27352,139377,rosmap_eQTL_p1e-5,eQTL,rosmap1,ROSMAP,GIANT_HEIGHT,ROSMAP_eQTL,
DLPFC,22,0.01,1.26414,-1,481,10632,4988,139377,rosmap_eQTL_p1e-5,eQTL,rosmap1,ROSMAP,GIANT_HEIGHT,ROSMAP_eQTL,
DLPFC,22,0.001,1.33731,-1,152,10632,1490,139377,rosmap_eQTL_p1e-5,eQTL,rosmap1,ROSMAP,GIANT_HEIGHT,ROSMAP_eQTL,
DLPFC,22,1e-04,1.39008,-1,72,10632,679,139377,rosmap_eQTL_p1e-5,eQTL,rosmap1,ROSMAP,GIANT_HEIGHT,ROSMAP_eQTL,
DLPFC,22,1e-05,1.49345,0.544554,45,10632,395,139377,rosmap_eQTL_p1e-5,eQTL,rosmap1,ROSMAP,GIANT_HEIGHT,ROSMAP_eQTL,0.544554
DLPFC,22,1e-06,1.5731,0.485149,33,10632,275,139377,rosmap_eQTL_p1e-5,eQTL,rosmap1,ROSMAP,GIANT_HEIGHT,ROSMAP_eQTL,0.485149
DLPFC,22,1e-07,1.55418,0.534653,23,10632,194,139377,rosmap_eQTL_p1e-5,eQTL,rosmap1,ROSMAP,GIANT_HEIGHT,ROSMAP_eQTL,0.534653
DLPFC,22,1e-08,1.67351,0.455446,18,10632,141,139377,rosmap_eQTL_p1e-5,eQTL,rosmap1,ROSMAP,GIANT_HEIGHT,ROSMAP_eQTL,0.455446
DLPFC,23,0.1,1.7942,-1,2814,7992,27352,139377,rosmap_mQTL_p1e-12,mQTL,rosmap1,ROSMAP,GIANT_HEIGHT,ROSMAP_mQTL,
DLPFC,23,0.01,2.9334,-1,839,7992,4988,139377,rosmap_mQTL_p1e-12,mQTL,rosmap1,ROSMAP,GIANT_HEIGHT,ROSMAP_mQTL,
DLPFC,23,0.001,4.2604,-1,364,7992,1490,139377,rosmap_mQTL_p1e-12,mQTL,rosmap1,ROSMAP,GIANT_HEIGHT,ROSMAP_mQTL,
DLPFC,23,1e-04,4.82863,-1,188,7992,679,139377,rosmap_mQTL_p1e-12,mQTL,rosmap1,ROSMAP,GIANT_HEIGHT,ROSMAP_mQTL,
DLPFC,23,1e-05,5.25394,0,119,7992,395,139377,rosmap_mQTL_p1e-12,mQTL,rosmap1,ROSMAP,GIANT_HEIGHT,ROSMAP_mQTL,0
DLPFC,23,1e-06,5.20016,3e-05,82,7992,275,139377,rosmap_mQTL_p1e-12,mQTL,rosmap1,ROSMAP,GIANT_HEIGHT,ROSMAP_mQTL,3e-05
DLPFC,23,1e-07,5.39368,0.000518027,60,7992,194,139377,rosmap_mQTL_p1e-12,mQTL,rosmap1,ROSMAP,GIANT_HEIGHT,ROSMAP_mQTL,0.000518027
DLPFC,23,1e-08,5.81319,0.000612257,47,7992,141,139377,rosmap_mQTL_p1e-12,mQTL,rosmap1,ROSMAP,GIANT_HEIGHT,ROSMAP_mQTL,0.000612257
DLPFC,24,0.1,1.9789,-1,200,515,27352,139377,rosmap_sQTL_fdr0.05,sQTL,rosmap1,ROSMAP,GIANT_HEIGHT,ROSMAP_sQTL,
DLPFC,24,0.01,4.34058,-1,80,515,4988,139377,rosmap_sQTL_fdr0.05,sQTL,rosmap1,ROSMAP,GIANT_HEIGHT,ROSMAP_sQTL,
DLPFC,24,0.001,7.62864,-1,42,515,1490,139377,rosmap_sQTL_fdr0.05,sQTL,rosmap1,ROSMAP,GIANT_HEIGHT,ROSMAP_sQTL,
DLPFC,24,1e-04,10.363,-1,26,515,679,139377,rosmap_sQTL_fdr0.05,sQTL,rosmap1,ROSMAP,GIANT_HEIGHT,ROSMAP_sQTL,
DLPFC,24,1e-05,13.0179,6e-05,19,515,395,139377,rosmap_sQTL_fdr0.05,sQTL,rosmap1,ROSMAP,GIANT_HEIGHT,ROSMAP_sQTL,6e-05
DLPFC,24,1e-06,10.8254,0.0147059,11,515,275,139377,rosmap_sQTL_fdr0.05,sQTL,rosmap1,ROSMAP,GIANT_HEIGHT,ROSMAP_sQTL,0.0147059
DLPFC,24,1e-07,12.5552,0.0288184,9,515,194,139377,rosmap_sQTL_fdr0.05,sQTL,rosmap1,ROSMAP,GIANT_HEIGHT,ROSMAP_sQTL,0.0288184
DLPFC,24,1e-08,11.5164,0.0666667,6,515,141,139377,rosmap_sQTL_fdr0.05,sQTL,rosmap1,ROSMAP,GIANT_HEIGHT,ROSMAP_sQTL,0.0666667
DLPFC,15,0.1,1.54073,-1,5055,12704,67892,262885,cmc_eQTL_fdr0.05.chrpos,eQTL,CMC1,CommonMindConsortium,igap_stage_1,CommonMindConsortium_eQTL,
DLPFC,15,0.01,2.12889,-1,1197,12704,11635,262885,cmc_eQTL_fdr0.05.chrpos,eQTL,CMC1,CommonMindConsortium,igap_stage_1,CommonMindConsortium_eQTL,
DLPFC,15,0.001,2.95304,-1,271,12704,1899,262885,cmc_eQTL_fdr0.05.chrpos,eQTL,CMC1,CommonMindConsortium,igap_stage_1,CommonMindConsortium_eQTL,
DLPFC,15,1e-04,4.50575,-1,81,12704,372,262885,cmc_eQTL_fdr0.05.chrpos,eQTL,CMC1,CommonMindConsortium,igap_stage_1,CommonMindConsortium_eQTL,
DLPFC,15,1e-05,6.28183,1e-05,34,12704,112,262885,cmc_eQTL_fdr0.05.chrpos,eQTL,CMC1,CommonMindConsortium,igap_stage_1,CommonMindConsortium_eQTL,1e-05
DLPFC,15,1e-06,5.96242,0.00826446,17,12704,59,262885,cmc_eQTL_fdr0.05.chrpos,eQTL,CMC1,CommonMindConsortium,igap_stage_1,CommonMindConsortium_eQTL,0.00826446
DLPFC,15,1e-07,6.33462,0.00464684,15,12704,49,262885,cmc_eQTL_fdr0.05.chrpos,eQTL,CMC1,CommonMindConsortium,igap_stage_1,CommonMindConsortium_eQTL,0.00464684
DLPFC,15,1e-08,6.8977,0.00540541,14,12704,42,262885,cmc_eQTL_fdr0.05.chrpos,eQTL,CMC1,CommonMindConsortium,igap_stage_1,CommonMindConsortium_eQTL,0.00540541
DLPFC,16,0.1,1.52029,-1,5485,13970,67892,262885,cmc_isoQTL_fdr0.05.chrpos,isoQTL,CMC1,CommonMindConsortium,igap_stage_1,CommonMindConsortium_isoQTL,
DLPFC,16,0.01,2.13813,-1,1322,13970,11635,262885,cmc_isoQTL_fdr0.05.chrpos,isoQTL,CMC1,CommonMindConsortium,igap_stage_1,CommonMindConsortium_isoQTL,
DLPFC,16,0.001,2.8638,-1,289,13970,1899,262885,cmc_isoQTL_fdr0.05.chrpos,isoQTL,CMC1,CommonMindConsortium,igap_stage_1,CommonMindConsortium_isoQTL,
DLPFC,16,1e-04,4.14801,-1,82,13970,372,262885,cmc_isoQTL_fdr0.05.chrpos,isoQTL,CMC1,CommonMindConsortium,igap_stage_1,CommonMindConsortium_isoQTL,
DLPFC,16,1e-05,5.37652,0.000558628,32,13970,112,262885,cmc_isoQTL_fdr0.05.chrpos,isoQTL,CMC1,CommonMindConsortium,igap_stage_1,CommonMindConsortium_isoQTL,0.000558628
DLPFC,16,1e-06,6.37892,0.00106792,20,13970,59,262885,cmc_isoQTL_fdr0.05.chrpos,isoQTL,CMC1,CommonMindConsortium,igap_stage_1,CommonMindConsortium_isoQTL,0.00106792
DLPFC,16,1e-07,6.91267,0.000787774,18,13970,49,262885,cmc_isoQTL_fdr0.05.chrpos,isoQTL,CMC1,CommonMindConsortium,igap_stage_1,CommonMindConsortium_isoQTL,0.000787774
DLPFC,16,1e-08,7.16869,0.00101885,16,13970,42,262885,cmc_isoQTL_fdr0.05.chrpos,isoQTL,CMC1,CommonMindConsortium,igap_stage_1,CommonMindConsortium_isoQTL,0.00101885
DLPFC,21,0.1,1.78205,-1,405,880,67892,262885,rosmap_aceQTL_p1e-5,aceQTL,rosmap1,ROSMAP,igap_stage_1,ROSMAP_aceQTL,
DLPFC,21,0.01,2.46484,-1,96,880,11635,262885,rosmap_aceQTL_p1e-5,aceQTL,rosmap1,ROSMAP,igap_stage_1,ROSMAP_aceQTL,
DLPFC,21,0.001,4.09008,-1,26,880,1899,262885,rosmap_aceQTL_p1e-5,aceQTL,rosmap1,ROSMAP,igap_stage_1,ROSMAP_aceQTL,
DLPFC,21,1e-04,8.8335,-1,11,880,372,262885,rosmap_aceQTL_p1e-5,aceQTL,rosmap1,ROSMAP,igap_stage_1,ROSMAP_aceQTL,
DLPFC,21,1e-05,8.00178,0.138614,3,880,112,262885,rosmap_aceQTL_p1e-5,aceQTL,rosmap1,ROSMAP,igap_stage_1,ROSMAP_aceQTL,0.138614
DLPFC,21,1e-06,5.06327,0.594059,1,880,59,262885,rosmap_aceQTL_p1e-5,aceQTL,rosmap1,ROSMAP,igap_stage_1,ROSMAP_aceQTL,0.594059
DLPFC,21,1e-07,6.09659,0.455446,1,880,49,262885,rosmap_aceQTL_p1e-5,aceQTL,rosmap1,ROSMAP,igap_stage_1,ROSMAP_aceQTL,0.455446
DLPFC,21,1e-08,0,1,0,880,42,262885,rosmap_aceQTL_p1e-5,aceQTL,rosmap1,ROSMAP,igap_stage_1,ROSMAP_aceQTL,1
DLPFC,22,0.1,1.21399,-1,4568,14570,67892,262885,rosmap_eQTL_p1e-5,eQTL,rosmap1,ROSMAP,igap_stage_1,ROSMAP_eQTL,
DLPFC,22,0.01,1.28091,-1,826,14570,11635,262885,rosmap_eQTL_p1e-5,eQTL,rosmap1,ROSMAP,igap_stage_1,ROSMAP_eQTL,
DLPFC,22,0.001,1.23516,-1,130,14570,1899,262885,rosmap_eQTL_p1e-5,eQTL,rosmap1,ROSMAP,igap_stage_1,ROSMAP_eQTL,
DLPFC,22,1e-04,0.873043,-1,18,14570,372,262885,rosmap_eQTL_p1e-5,eQTL,rosmap1,ROSMAP,igap_stage_1,ROSMAP_eQTL,
DLPFC,22,1e-05,0.644389,0.990099,4,14570,112,262885,rosmap_eQTL_p1e-5,eQTL,rosmap1,ROSMAP,igap_stage_1,ROSMAP_eQTL,0.990099
DLPFC,22,1e-06,0.611624,0.960396,2,14570,59,262885,rosmap_eQTL_p1e-5,eQTL,rosmap1,ROSMAP,igap_stage_1,ROSMAP_eQTL,0.960396
DLPFC,22,1e-07,0.368222,0.990099,1,14570,49,262885,rosmap_eQTL_p1e-5,eQTL,rosmap1,ROSMAP,igap_stage_1,ROSMAP_eQTL,0.990099
DLPFC,22,1e-08,0.429593,0.990099,1,14570,42,262885,rosmap_eQTL_p1e-5,eQTL,rosmap1,ROSMAP,igap_stage_1,ROSMAP_eQTL,0.990099
DLPFC,23,0.1,1.67436,-1,2732,6318,67892,262885,rosmap_mQTL_p1e-12,mQTL,rosmap1,ROSMAP,igap_stage_1,ROSMAP_mQTL,
DLPFC,23,0.01,2.32094,-1,649,6318,11635,262885,rosmap_mQTL_p1e-12,mQTL,rosmap1,ROSMAP,igap_stage_1,ROSMAP_mQTL,
DLPFC,23,0.001,3.04562,-1,139,6318,1899,262885,rosmap_mQTL_p1e-12,mQTL,rosmap1,ROSMAP,igap_stage_1,ROSMAP_mQTL,
DLPFC,23,1e-04,5.03333,-1,45,6318,372,262885,rosmap_mQTL_p1e-12,mQTL,rosmap1,ROSMAP,igap_stage_1,ROSMAP_mQTL,
DLPFC,23,1e-05,6.68714,0.00280741,18,6318,112,262885,rosmap_mQTL_p1e-12,mQTL,rosmap1,ROSMAP,igap_stage_1,ROSMAP_mQTL,0.00280741
DLPFC,23,1e-06,7.05236,0.0120337,10,6318,59,262885,rosmap_mQTL_p1e-12,mQTL,rosmap1,ROSMAP,igap_stage_1,ROSMAP_mQTL,0.0120337
DLPFC,23,1e-07,6.79329,0.025641,8,6318,49,262885,rosmap_mQTL_p1e-12,mQTL,rosmap1,ROSMAP,igap_stage_1,ROSMAP_mQTL,0.025641
DLPFC,23,1e-08,6.93482,0.0315457,7,6318,42,262885,rosmap_mQTL_p1e-12,mQTL,rosmap1,ROSMAP,igap_stage_1,ROSMAP_mQTL,0.0315457
DLPFC,24,0.1,1.62823,-1,201,478,67892,262885,rosmap_sQTL_fdr0.05,sQTL,rosmap1,ROSMAP,igap_stage_1,ROSMAP_sQTL,
DLPFC,24,0.01,2.31615,-1,49,478,11635,262885,rosmap_sQTL_fdr0.05,sQTL,rosmap1,ROSMAP,igap_stage_1,ROSMAP_sQTL,
DLPFC,24,0.001,3.76492,-1,13,478,1899,262885,rosmap_sQTL_fdr0.05,sQTL,rosmap1,ROSMAP,igap_stage_1,ROSMAP_sQTL,
DLPFC,24,1e-04,7.39205,-1,5,478,372,262885,rosmap_sQTL_fdr0.05,sQTL,rosmap1,ROSMAP,igap_stage_1,ROSMAP_sQTL,
DLPFC,24,1e-05,9.82087,0.178218,2,478,112,262885,rosmap_sQTL_fdr0.05,sQTL,rosmap1,ROSMAP,igap_stage_1,ROSMAP_sQTL,0.178218
DLPFC,24,1e-06,9.3215,0.306931,1,478,59,262885,rosmap_sQTL_fdr0.05,sQTL,rosmap1,ROSMAP,igap_stage_1,ROSMAP_sQTL,0.306931
DLPFC,24,1e-07,11.2238,0.247525,1,478,49,262885,rosmap_sQTL_fdr0.05,sQTL,rosmap1,ROSMAP,igap_stage_1,ROSMAP_sQTL,0.247525
DLPFC,24,1e-08,0,1,0,478,42,262885,rosmap_sQTL_fdr0.05,sQTL,rosmap1,ROSMAP,igap_stage_1,ROSMAP_sQTL,1
DLPFC,15,0.1,1.16631,-1,18813,154099,158441,1513647,cmc_eQTL_fdr0.05.chrpos,cmc,all,all2,meta-nalls-2014-noMhcMapt,all2_cmc,
DLPFC,15,0.01,1.47852,-1,2690,154099,17871,1513647,cmc_eQTL_fdr0.05.chrpos,cmc,all,all2,meta-nalls-2014-noMhcMapt,all2_cmc,
DLPFC,15,0.001,2.15048,-1,525,154099,2398,1513647,cmc_eQTL_fdr0.05.chrpos,cmc,all,all2,meta-nalls-2014-noMhcMapt,all2_cmc,
DLPFC,15,1e-04,3.64385,-1,161,154099,434,1513647,cmc_eQTL_fdr0.05.chrpos,cmc,all,all2,meta-nalls-2014-noMhcMapt,all2_cmc,
DLPFC,15,1e-05,5.50063,0,84,154099,150,1513647,cmc_eQTL_fdr0.05.chrpos,cmc,all,all2,meta-nalls-2014-noMhcMapt,all2_cmc,0
DLPFC,15,1e-06,6.23865,0,47,154099,74,1513647,cmc_eQTL_fdr0.05.chrpos,cmc,all,all2,meta-nalls-2014-noMhcMapt,all2_cmc,0
DLPFC,15,1e-07,6.54837,0,26,154099,39,1513647,cmc_eQTL_fdr0.05.chrpos,cmc,all,all2,meta-nalls-2014-noMhcMapt,all2_cmc,0
DLPFC,15,1e-08,7.07224,0,18,154099,25,1513647,cmc_eQTL_fdr0.05.chrpos,cmc,all,all2,meta-nalls-2014-noMhcMapt,all2_cmc,0
DLPFC,16,0.1,1.15992,-1,20316,167328,158441,1513647,cmc_isoQTL_fdr0.05.chrpos,cmc,all,all2,meta-nalls-2014-noMhcMapt,all2_cmc,
DLPFC,16,0.01,1.55499,-1,3072,167328,17871,1513647,cmc_isoQTL_fdr0.05.chrpos,cmc,all,all2,meta-nalls-2014-noMhcMapt,all2_cmc,
DLPFC,16,0.001,2.1653,-1,574,167328,2398,1513647,cmc_isoQTL_fdr0.05.chrpos,cmc,all,all2,meta-nalls-2014-noMhcMapt,all2_cmc,
DLPFC,16,1e-04,3.37661,-1,162,167328,434,1513647,cmc_isoQTL_fdr0.05.chrpos,cmc,all,all2,meta-nalls-2014-noMhcMapt,all2_cmc,
DLPFC,16,1e-05,4.70391,0,78,167328,150,1513647,cmc_isoQTL_fdr0.05.chrpos,cmc,all,all2,meta-nalls-2014-noMhcMapt,all2_cmc,0
DLPFC,16,1e-06,3.91178,6e-05,32,167328,74,1513647,cmc_isoQTL_fdr0.05.chrpos,cmc,all,all2,meta-nalls-2014-noMhcMapt,all2_cmc,6e-05
DLPFC,16,1e-07,3.71117,0.0070373,16,167328,39,1513647,cmc_isoQTL_fdr0.05.chrpos,cmc,all,all2,meta-nalls-2014-noMhcMapt,all2_cmc,0.0070373
DLPFC,16,1e-08,2.89472,0.188119,8,167328,25,1513647,cmc_isoQTL_fdr0.05.chrpos,cmc,all,all2,meta-nalls-2014-noMhcMapt,all2_cmc,0.188119
DLPFC,17,0.1,1.17369,-1,1010,8221,158441,1513647,cmc_sQTL_fdr0.05,cmc,all,all2,meta-nalls-2014-noMhcMapt,all2_cmc,
DLPFC,17,0.01,2.08115,-1,202,8221,17871,1513647,cmc_sQTL_fdr0.05,cmc,all,all2,meta-nalls-2014-noMhcMapt,all2_cmc,
DLPFC,17,0.001,2.68732,-1,35,8221,2398,1513647,cmc_sQTL_fdr0.05,cmc,all,all2,meta-nalls-2014-noMhcMapt,all2_cmc,
DLPFC,17,1e-04,4.24239,-1,10,8221,434,1513647,cmc_sQTL_fdr0.05,cmc,all,all2,meta-nalls-2014-noMhcMapt,all2_cmc,
DLPFC,17,1e-05,9.81971,0.00170474,8,8221,150,1513647,cmc_sQTL_fdr0.05,cmc,all,all2,meta-nalls-2014-noMhcMapt,all2_cmc,0.00170474
DLPFC,17,1e-06,17.4167,0.000181123,7,8221,74,1513647,cmc_sQTL_fdr0.05,cmc,all,all2,meta-nalls-2014-noMhcMapt,all2_cmc,0.000181123
DLPFC,17,1e-07,18.8841,0.00335345,4,8221,39,1513647,cmc_sQTL_fdr0.05,cmc,all,all2,meta-nalls-2014-noMhcMapt,all2_cmc,0.00335345
DLPFC,17,1e-08,14.7296,0.0990099,2,8221,25,1513647,cmc_sQTL_fdr0.05,cmc,all,all2,meta-nalls-2014-noMhcMapt,all2_cmc,0.0990099
DLPFC,22,0.1,1.22849,-1,4524,35181,158441,1513647,rosmap_eQTL_fdr0.05,ROSMAP,all,all2,meta-nalls-2014-noMhcMapt,all2_ROSMAP,
DLPFC,22,0.01,1.82489,-1,758,35181,17871,1513647,rosmap_eQTL_fdr0.05,ROSMAP,all,all2,meta-nalls-2014-noMhcMapt,all2_ROSMAP,
DLPFC,22,0.001,2.70922,-1,151,35181,2398,1513647,rosmap_eQTL_fdr0.05,ROSMAP,all,all2,meta-nalls-2014-noMhcMapt,all2_ROSMAP,
DLPFC,22,1e-04,4.2628,-1,43,35181,434,1513647,rosmap_eQTL_fdr0.05,ROSMAP,all,all2,meta-nalls-2014-noMhcMapt,all2_ROSMAP,
DLPFC,22,1e-05,5.73661,0.000361808,20,35181,150,1513647,rosmap_eQTL_fdr0.05,ROSMAP,all,all2,meta-nalls-2014-noMhcMapt,all2_ROSMAP,0.000361808
DLPFC,22,1e-06,9.30261,2e-05,16,35181,74,1513647,rosmap_eQTL_fdr0.05,ROSMAP,all,all2,meta-nalls-2014-noMhcMapt,all2_ROSMAP,2e-05
DLPFC,22,1e-07,11.0319,4e-05,10,35181,39,1513647,rosmap_eQTL_fdr0.05,ROSMAP,all,all2,meta-nalls-2014-noMhcMapt,all2_ROSMAP,4e-05
DLPFC,22,1e-08,6.88393,0.0671141,4,35181,25,1513647,rosmap_eQTL_fdr0.05,ROSMAP,all,all2,meta-nalls-2014-noMhcMapt,all2_ROSMAP,0.0671141
DLPFC,23,0.1,1.21729,-1,1626,12761,158441,1513647,rosmap_haQTL_fdr0.05,ROSMAP,all,all2,meta-nalls-2014-noMhcMapt,all2_ROSMAP,
DLPFC,23,0.01,1.5664,-1,236,12761,17871,1513647,rosmap_haQTL_fdr0.05,ROSMAP,all,all2,meta-nalls-2014-noMhcMapt,all2_ROSMAP,
DLPFC,23,0.001,1.28607,-1,26,12761,2398,1513647,rosmap_haQTL_fdr0.05,ROSMAP,all,all2,meta-nalls-2014-noMhcMapt,all2_ROSMAP,
DLPFC,23,1e-04,1.63984,-1,6,12761,434,1513647,rosmap_haQTL_fdr0.05,ROSMAP,all,all2,meta-nalls-2014-noMhcMapt,all2_ROSMAP,
DLPFC,23,1e-05,0.790767,0.990099,1,12761,150,1513647,rosmap_haQTL_fdr0.05,ROSMAP,all,all2,meta-nalls-2014-noMhcMapt,all2_ROSMAP,0.990099
DLPFC,23,1e-06,1.60291,0.90099,1,12761,74,1513647,rosmap_haQTL_fdr0.05,ROSMAP,all,all2,meta-nalls-2014-noMhcMapt,all2_ROSMAP,0.90099
DLPFC,23,1e-07,0,1,0,12761,39,1513647,rosmap_haQTL_fdr0.05,ROSMAP,all,all2,meta-nalls-2014-noMhcMapt,all2_ROSMAP,1
DLPFC,23,1e-08,0,1,0,12761,25,1513647,rosmap_haQTL_fdr0.05,ROSMAP,all,all2,meta-nalls-2014-noMhcMapt,all2_ROSMAP,1
DLPFC,24,0.1,1.0948,-1,10802,94260,158441,1513647,rosmap_mQTL_fdr0.05,ROSMAP,all,all2,meta-nalls-2014-noMhcMapt,all2_ROSMAP,
DLPFC,24,0.01,1.29752,-1,1444,94260,17871,1513647,rosmap_mQTL_fdr0.05,ROSMAP,all,all2,meta-nalls-2014-noMhcMapt,all2_ROSMAP,
DLPFC,24,0.001,1.87502,-1,280,94260,2398,1513647,rosmap_mQTL_fdr0.05,ROSMAP,all,all2,meta-nalls-2014-noMhcMapt,all2_ROSMAP,
DLPFC,24,1e-04,2.73804,-1,74,94260,434,1513647,rosmap_mQTL_fdr0.05,ROSMAP,all,all2,meta-nalls-2014-noMhcMapt,all2_ROSMAP,
DLPFC,24,1e-05,4.4963,0,42,94260,150,1513647,rosmap_mQTL_fdr0.05,ROSMAP,all,all2,meta-nalls-2014-noMhcMapt,all2_ROSMAP,0
DLPFC,24,1e-06,6.72709,0,31,94260,74,1513647,rosmap_mQTL_fdr0.05,ROSMAP,all,all2,meta-nalls-2014-noMhcMapt,all2_ROSMAP,0
DLPFC,24,1e-07,8.23498,0,20,94260,39,1513647,rosmap_mQTL_fdr0.05,ROSMAP,all,all2,meta-nalls-2014-noMhcMapt,all2_ROSMAP,0
DLPFC,24,1e-08,10.2773,0,16,94260,25,1513647,rosmap_mQTL_fdr0.05,ROSMAP,all,all2,meta-nalls-2014-noMhcMapt,all2_ROSMAP,0
DLPFC,25,0.1,1.18008,-1,471,3813,158441,1513647,rosmap_psiQTL_fdr0.05,ROSMAP,all,all2,meta-nalls-2014-noMhcMapt,all2_ROSMAP,
DLPFC,25,0.01,1.77705,-1,80,3813,17871,1513647,rosmap_psiQTL_fdr0.05,ROSMAP,all,all2,meta-nalls-2014-noMhcMapt,all2_ROSMAP,
DLPFC,25,0.001,3.1453,-1,19,3813,2398,1513647,rosmap_psiQTL_fdr0.05,ROSMAP,all,all2,meta-nalls-2014-noMhcMapt,all2_ROSMAP,
DLPFC,25,1e-04,6.40274,-1,7,3813,434,1513647,rosmap_psiQTL_fdr0.05,ROSMAP,all,all2,meta-nalls-2014-noMhcMapt,all2_ROSMAP,
DLPFC,25,1e-05,13.2323,0.00384468,5,3813,150,1513647,rosmap_psiQTL_fdr0.05,ROSMAP,all,all2,meta-nalls-2014-noMhcMapt,all2_ROSMAP,0.00384468
DLPFC,25,1e-06,21.4578,0.00206868,4,3813,74,1513647,rosmap_psiQTL_fdr0.05,ROSMAP,all,all2,meta-nalls-2014-noMhcMapt,all2_ROSMAP,0.00206868
DLPFC,25,1e-07,30.5362,0.00301932,3,3813,39,1513647,rosmap_psiQTL_fdr0.05,ROSMAP,all,all2,meta-nalls-2014-noMhcMapt,all2_ROSMAP,0.00301932
DLPFC,25,1e-08,47.6364,0.000571788,3,3813,25,1513647,rosmap_psiQTL_fdr0.05,ROSMAP,all,all2,meta-nalls-2014-noMhcMapt,all2_ROSMAP,0.000571788
DLPFC,15,0.1,1.16631,-1,18813,154099,158441,1513647,cmc_eQTL_fdr0.05.chrpos,cmc,all,all2,meta-nalls-2014-noMhcMapt,all2_cmc,
DLPFC,15,0.01,1.47852,-1,2690,154099,17871,1513647,cmc_eQTL_fdr0.05.chrpos,cmc,all,all2,meta-nalls-2014-noMhcMapt,all2_cmc,
DLPFC,15,0.001,2.15048,-1,525,154099,2398,1513647,cmc_eQTL_fdr0.05.chrpos,cmc,all,all2,meta-nalls-2014-noMhcMapt,all2_cmc,
DLPFC,15,1e-04,3.64385,-1,161,154099,434,1513647,cmc_eQTL_fdr0.05.chrpos,cmc,all,all2,meta-nalls-2014-noMhcMapt,all2_cmc,
DLPFC,15,1e-05,5.50063,0,84,154099,150,1513647,cmc_eQTL_fdr0.05.chrpos,cmc,all,all2,meta-nalls-2014-noMhcMapt,all2_cmc,0
DLPFC,15,1e-06,6.23865,0,47,154099,74,1513647,cmc_eQTL_fdr0.05.chrpos,cmc,all,all2,meta-nalls-2014-noMhcMapt,all2_cmc,0
DLPFC,15,1e-07,6.54837,0,26,154099,39,1513647,cmc_eQTL_fdr0.05.chrpos,cmc,all,all2,meta-nalls-2014-noMhcMapt,all2_cmc,0
DLPFC,15,1e-08,7.07224,0,18,154099,25,1513647,cmc_eQTL_fdr0.05.chrpos,cmc,all,all2,meta-nalls-2014-noMhcMapt,all2_cmc,0
DLPFC,16,0.1,1.15992,-1,20316,167328,158441,1513647,cmc_isoQTL_fdr0.05.chrpos,cmc,all,all2,meta-nalls-2014-noMhcMapt,all2_cmc,
DLPFC,16,0.01,1.55499,-1,3072,167328,17871,1513647,cmc_isoQTL_fdr0.05.chrpos,cmc,all,all2,meta-nalls-2014-noMhcMapt,all2_cmc,
DLPFC,16,0.001,2.1653,-1,574,167328,2398,1513647,cmc_isoQTL_fdr0.05.chrpos,cmc,all,all2,meta-nalls-2014-noMhcMapt,all2_cmc,
DLPFC,16,1e-04,3.37661,-1,162,167328,434,1513647,cmc_isoQTL_fdr0.05.chrpos,cmc,all,all2,meta-nalls-2014-noMhcMapt,all2_cmc,
DLPFC,16,1e-05,4.70391,0,78,167328,150,1513647,cmc_isoQTL_fdr0.05.chrpos,cmc,all,all2,meta-nalls-2014-noMhcMapt,all2_cmc,0
DLPFC,16,1e-06,3.91178,4e-05,32,167328,74,1513647,cmc_isoQTL_fdr0.05.chrpos,cmc,all,all2,meta-nalls-2014-noMhcMapt,all2_cmc,4e-05
DLPFC,16,1e-07,3.71117,0.00615006,16,167328,39,1513647,cmc_isoQTL_fdr0.05.chrpos,cmc,all,all2,meta-nalls-2014-noMhcMapt,all2_cmc,0.00615006
DLPFC,16,1e-08,2.89472,0.178218,8,167328,25,1513647,cmc_isoQTL_fdr0.05.chrpos,cmc,all,all2,meta-nalls-2014-noMhcMapt,all2_cmc,0.178218
DLPFC,17,0.1,1.17369,-1,1010,8221,158441,1513647,cmc_sQTL_fdr0.05,cmc,all,all2,meta-nalls-2014-noMhcMapt,all2_cmc,
DLPFC,17,0.01,2.08115,-1,202,8221,17871,1513647,cmc_sQTL_fdr0.05,cmc,all,all2,meta-nalls-2014-noMhcMapt,all2_cmc,
DLPFC,17,0.001,2.68732,-1,35,8221,2398,1513647,cmc_sQTL_fdr0.05,cmc,all,all2,meta-nalls-2014-noMhcMapt,all2_cmc,
DLPFC,17,1e-04,4.24239,-1,10,8221,434,1513647,cmc_sQTL_fdr0.05,cmc,all,all2,meta-nalls-2014-noMhcMapt,all2_cmc,
DLPFC,17,1e-05,9.81971,0.00249875,8,8221,150,1513647,cmc_sQTL_fdr0.05,cmc,all,all2,meta-nalls-2014-noMhcMapt,all2_cmc,0.00249875
DLPFC,17,1e-06,17.4167,0.000128934,7,8221,74,1513647,cmc_sQTL_fdr0.05,cmc,all,all2,meta-nalls-2014-noMhcMapt,all2_cmc,0.000128934
DLPFC,17,1e-07,18.8841,0.0031736,4,8221,39,1513647,cmc_sQTL_fdr0.05,cmc,all,all2,meta-nalls-2014-noMhcMapt,all2_cmc,0.0031736
DLPFC,17,1e-08,14.7296,0.0315457,2,8221,25,1513647,cmc_sQTL_fdr0.05,cmc,all,all2,meta-nalls-2014-noMhcMapt,all2_cmc,0.0315457
DLPFC,22,0.1,1.22849,-1,4524,35181,158441,1513647,rosmap_eQTL_fdr0.05,ROSMAP,all,all2,meta-nalls-2014-noMhcMapt,all2_ROSMAP,
DLPFC,22,0.01,1.82489,-1,758,35181,17871,1513647,rosmap_eQTL_fdr0.05,ROSMAP,all,all2,meta-nalls-2014-noMhcMapt,all2_ROSMAP,
DLPFC,22,0.001,2.70922,-1,151,35181,2398,1513647,rosmap_eQTL_fdr0.05,ROSMAP,all,all2,meta-nalls-2014-noMhcMapt,all2_ROSMAP,
DLPFC,22,1e-04,4.2628,-1,43,35181,434,1513647,rosmap_eQTL_fdr0.05,ROSMAP,all,all2,meta-nalls-2014-noMhcMapt,all2_ROSMAP,
DLPFC,22,1e-05,5.73661,0.000218341,20,35181,150,1513647,rosmap_eQTL_fdr0.05,ROSMAP,all,all2,meta-nalls-2014-noMhcMapt,all2_ROSMAP,0.000218341
DLPFC,22,1e-06,9.30261,0,16,35181,74,1513647,rosmap_eQTL_fdr0.05,ROSMAP,all,all2,meta-nalls-2014-noMhcMapt,all2_ROSMAP,0
DLPFC,22,1e-07,11.0319,8e-05,10,35181,39,1513647,rosmap_eQTL_fdr0.05,ROSMAP,all,all2,meta-nalls-2014-noMhcMapt,all2_ROSMAP,8e-05
DLPFC,22,1e-08,6.88393,0.0793651,4,35181,25,1513647,rosmap_eQTL_fdr0.05,ROSMAP,all,all2,meta-nalls-2014-noMhcMapt,all2_ROSMAP,0.0793651
DLPFC,23,0.1,1.21729,-1,1626,12761,158441,1513647,rosmap_haQTL_fdr0.05,ROSMAP,all,all2,meta-nalls-2014-noMhcMapt,all2_ROSMAP,
DLPFC,23,0.01,1.5664,-1,236,12761,17871,1513647,rosmap_haQTL_fdr0.05,ROSMAP,all,all2,meta-nalls-2014-noMhcMapt,all2_ROSMAP,
DLPFC,23,0.001,1.28607,-1,26,12761,2398,1513647,rosmap_haQTL_fdr0.05,ROSMAP,all,all2,meta-nalls-2014-noMhcMapt,all2_ROSMAP,
DLPFC,23,1e-04,1.63984,-1,6,12761,434,1513647,rosmap_haQTL_fdr0.05,ROSMAP,all,all2,meta-nalls-2014-noMhcMapt,all2_ROSMAP,
DLPFC,23,1e-05,0.790767,0.960396,1,12761,150,1513647,rosmap_haQTL_fdr0.05,ROSMAP,all,all2,meta-nalls-2014-noMhcMapt,all2_ROSMAP,0.960396
DLPFC,23,1e-06,1.60291,0.831683,1,12761,74,1513647,rosmap_haQTL_fdr0.05,ROSMAP,all,all2,meta-nalls-2014-noMhcMapt,all2_ROSMAP,0.831683
DLPFC,23,1e-07,0,1,0,12761,39,1513647,rosmap_haQTL_fdr0.05,ROSMAP,all,all2,meta-nalls-2014-noMhcMapt,all2_ROSMAP,1
DLPFC,23,1e-08,0,1,0,12761,25,1513647,rosmap_haQTL_fdr0.05,ROSMAP,all,all2,meta-nalls-2014-noMhcMapt,all2_ROSMAP,1
DLPFC,24,0.1,1.0948,-1,10802,94260,158441,1513647,rosmap_mQTL_fdr0.05,ROSMAP,all,all2,meta-nalls-2014-noMhcMapt,all2_ROSMAP,
DLPFC,24,0.01,1.29752,-1,1444,94260,17871,1513647,rosmap_mQTL_fdr0.05,ROSMAP,all,all2,meta-nalls-2014-noMhcMapt,all2_ROSMAP,
DLPFC,24,0.001,1.87502,-1,280,94260,2398,1513647,rosmap_mQTL_fdr0.05,ROSMAP,all,all2,meta-nalls-2014-noMhcMapt,all2_ROSMAP,
DLPFC,24,1e-04,2.73804,-1,74,94260,434,1513647,rosmap_mQTL_fdr0.05,ROSMAP,all,all2,meta-nalls-2014-noMhcMapt,all2_ROSMAP,
DLPFC,24,1e-05,4.4963,0,42,94260,150,1513647,rosmap_mQTL_fdr0.05,ROSMAP,all,all2,meta-nalls-2014-noMhcMapt,all2_ROSMAP,0
DLPFC,24,1e-06,6.72709,0,31,94260,74,1513647,rosmap_mQTL_fdr0.05,ROSMAP,all,all2,meta-nalls-2014-noMhcMapt,all2_ROSMAP,0
DLPFC,24,1e-07,8.23498,0,20,94260,39,1513647,rosmap_mQTL_fdr0.05,ROSMAP,all,all2,meta-nalls-2014-noMhcMapt,all2_ROSMAP,0
DLPFC,24,1e-08,10.2773,0,16,94260,25,1513647,rosmap_mQTL_fdr0.05,ROSMAP,all,all2,meta-nalls-2014-noMhcMapt,all2_ROSMAP,0
DLPFC,25,0.1,1.18008,-1,471,3813,158441,1513647,rosmap_sQTL_fdr0.05,ROSMAP,all,all2,meta-nalls-2014-noMhcMapt,all2_ROSMAP,
DLPFC,25,0.01,1.77705,-1,80,3813,17871,1513647,rosmap_sQTL_fdr0.05,ROSMAP,all,all2,meta-nalls-2014-noMhcMapt,all2_ROSMAP,
DLPFC,25,0.001,3.1453,-1,19,3813,2398,1513647,rosmap_sQTL_fdr0.05,ROSMAP,all,all2,meta-nalls-2014-noMhcMapt,all2_ROSMAP,
DLPFC,25,1e-04,6.40274,-1,7,3813,434,1513647,rosmap_sQTL_fdr0.05,ROSMAP,all,all2,meta-nalls-2014-noMhcMapt,all2_ROSMAP,
DLPFC,25,1e-05,13.2323,0.00379219,5,3813,150,1513647,rosmap_sQTL_fdr0.05,ROSMAP,all,all2,meta-nalls-2014-noMhcMapt,all2_ROSMAP,0.00379219
DLPFC,25,1e-06,21.4578,0.00291121,4,3813,74,1513647,rosmap_sQTL_fdr0.05,ROSMAP,all,all2,meta-nalls-2014-noMhcMapt,all2_ROSMAP,0.00291121
DLPFC,25,1e-07,30.5362,0.00545554,3,3813,39,1513647,rosmap_sQTL_fdr0.05,ROSMAP,all,all2,meta-nalls-2014-noMhcMapt,all2_ROSMAP,0.00545554
DLPFC,25,1e-08,47.6364,0.000725374,3,3813,25,1513647,rosmap_sQTL_fdr0.05,ROSMAP,all,all2,meta-nalls-2014-noMhcMapt,all2_ROSMAP,0.000725374
DLPFC,15,0.1,1.17327,-1,19147,155542,159321,1518507,cmc_eQTL_fdr0.05.chrpos,eQTL,CMC1,CommonMindConsortium,meta-nalls-2014,CommonMindConsortium_eQTL,
DLPFC,15,0.01,1.51816,-1,2810,155542,18070,1518507,cmc_eQTL_fdr0.05.chrpos,eQTL,CMC1,CommonMindConsortium,meta-nalls-2014,CommonMindConsortium_eQTL,
DLPFC,15,0.001,2.24068,-1,563,155542,2453,1518507,cmc_eQTL_fdr0.05.chrpos,eQTL,CMC1,CommonMindConsortium,meta-nalls-2014,CommonMindConsortium_eQTL,
DLPFC,15,1e-04,3.82018,-1,180,155542,460,1518507,cmc_eQTL_fdr0.05.chrpos,eQTL,CMC1,CommonMindConsortium,meta-nalls-2014,CommonMindConsortium_eQTL,
DLPFC,15,1e-05,5.61208,0,96,155542,167,1518507,cmc_eQTL_fdr0.05.chrpos,eQTL,CMC1,CommonMindConsortium,meta-nalls-2014,CommonMindConsortium_eQTL,0
DLPFC,15,1e-06,6.43188,0,56,155542,85,1518507,cmc_eQTL_fdr0.05.chrpos,eQTL,CMC1,CommonMindConsortium,meta-nalls-2014,CommonMindConsortium_eQTL,0
DLPFC,15,1e-07,6.5792,0,31,155542,46,1518507,cmc_eQTL_fdr0.05.chrpos,eQTL,CMC1,CommonMindConsortium,meta-nalls-2014,CommonMindConsortium_eQTL,0
DLPFC,15,1e-08,6.92835,0,22,155542,31,1518507,cmc_eQTL_fdr0.05.chrpos,eQTL,CMC1,CommonMindConsortium,meta-nalls-2014,CommonMindConsortium_eQTL,0
DLPFC,16,0.1,1.16618,-1,20651,168779,159321,1518507,cmc_isoQTL_fdr0.05.chrpos,isoQTL,CMC1,CommonMindConsortium,meta-nalls-2014,CommonMindConsortium_isoQTL,
DLPFC,16,0.01,1.58182,-1,3177,168779,18070,1518507,cmc_isoQTL_fdr0.05.chrpos,isoQTL,CMC1,CommonMindConsortium,meta-nalls-2014,CommonMindConsortium_isoQTL,
DLPFC,16,0.001,2.21533,-1,604,168779,2453,1518507,cmc_isoQTL_fdr0.05.chrpos,isoQTL,CMC1,CommonMindConsortium,meta-nalls-2014,CommonMindConsortium_isoQTL,
DLPFC,16,1e-04,3.52057,-1,180,168779,460,1518507,cmc_isoQTL_fdr0.05.chrpos,isoQTL,CMC1,CommonMindConsortium,meta-nalls-2014,CommonMindConsortium_isoQTL,
DLPFC,16,1e-05,4.84869,0,90,168779,167,1518507,cmc_isoQTL_fdr0.05.chrpos,isoQTL,CMC1,CommonMindConsortium,meta-nalls-2014,CommonMindConsortium_isoQTL,0
DLPFC,16,1e-06,4.33974,0,41,168779,85,1518507,cmc_isoQTL_fdr0.05.chrpos,isoQTL,CMC1,CommonMindConsortium,meta-nalls-2014,CommonMindConsortium_isoQTL,0
DLPFC,16,1e-07,4.10733,0.00102208,21,168779,46,1518507,cmc_isoQTL_fdr0.05.chrpos,isoQTL,CMC1,CommonMindConsortium,meta-nalls-2014,CommonMindConsortium_isoQTL,0.00102208
DLPFC,16,1e-08,3.48272,0.0645161,12,168779,31,1518507,cmc_isoQTL_fdr0.05.chrpos,isoQTL,CMC1,CommonMindConsortium,meta-nalls-2014,CommonMindConsortium_isoQTL,0.0645161
DLPFC,21,0.1,1.18792,-1,1113,8930,159321,1518507,rosmap_aceQTL_p1e-5,aceQTL,rosmap1,ROSMAP,meta-nalls-2014,ROSMAP_aceQTL,
DLPFC,21,0.01,1.61859,-1,172,8930,18070,1518507,rosmap_aceQTL_p1e-5,aceQTL,rosmap1,ROSMAP,meta-nalls-2014,ROSMAP_aceQTL,
DLPFC,21,0.001,2.63422,-1,38,8930,2453,1518507,rosmap_aceQTL_p1e-5,aceQTL,rosmap1,ROSMAP,meta-nalls-2014,ROSMAP_aceQTL,
DLPFC,21,1e-04,5.91463,-1,16,8930,460,1518507,rosmap_aceQTL_p1e-5,aceQTL,rosmap1,ROSMAP,meta-nalls-2014,ROSMAP_aceQTL,
DLPFC,21,1e-05,13.2371,0,13,8930,167,1518507,rosmap_aceQTL_p1e-5,aceQTL,rosmap1,ROSMAP,meta-nalls-2014,ROSMAP_aceQTL,0
DLPFC,21,1e-06,16.0043,0.000152279,8,8930,85,1518507,rosmap_aceQTL_p1e-5,aceQTL,rosmap1,ROSMAP,meta-nalls-2014,ROSMAP_aceQTL,0.000152279
DLPFC,21,1e-07,14.7866,0.00999001,4,8930,46,1518507,rosmap_aceQTL_p1e-5,aceQTL,rosmap1,ROSMAP,meta-nalls-2014,ROSMAP_aceQTL,0.00999001
DLPFC,21,1e-08,16.456,0.0287356,3,8930,31,1518507,rosmap_aceQTL_p1e-5,aceQTL,rosmap1,ROSMAP,meta-nalls-2014,ROSMAP_aceQTL,0.0287356
DLPFC,22,0.1,1.04723,-1,10909,99286,159321,1518507,rosmap_eQTL_p1e-5,eQTL,rosmap1,ROSMAP,meta-nalls-2014,ROSMAP_eQTL,
DLPFC,22,0.01,1.15786,-1,1368,99286,18070,1518507,rosmap_eQTL_p1e-5,eQTL,rosmap1,ROSMAP,meta-nalls-2014,ROSMAP_eQTL,
DLPFC,22,0.001,1.52756,-1,245,99286,2453,1518507,rosmap_eQTL_p1e-5,eQTL,rosmap1,ROSMAP,meta-nalls-2014,ROSMAP_eQTL,
DLPFC,22,1e-04,2.0614,-1,62,99286,460,1518507,rosmap_eQTL_p1e-5,eQTL,rosmap1,ROSMAP,meta-nalls-2014,ROSMAP_eQTL,
DLPFC,22,1e-05,2.83906,1e-05,31,99286,167,1518507,rosmap_eQTL_p1e-5,eQTL,rosmap1,ROSMAP,meta-nalls-2014,ROSMAP_eQTL,1e-05
DLPFC,22,1e-06,2.69899,0.00333222,15,99286,85,1518507,rosmap_eQTL_p1e-5,eQTL,rosmap1,ROSMAP,meta-nalls-2014,ROSMAP_eQTL,0.00333222
DLPFC,22,1e-07,1.9949,0.138614,6,99286,46,1518507,rosmap_eQTL_p1e-5,eQTL,rosmap1,ROSMAP,meta-nalls-2014,ROSMAP_eQTL,0.138614
DLPFC,22,1e-08,1.97345,0.287129,4,99286,31,1518507,rosmap_eQTL_p1e-5,eQTL,rosmap1,ROSMAP,meta-nalls-2014,ROSMAP_eQTL,0.287129
DLPFC,23,0.1,1.10942,-1,7165,61555,159321,1518507,rosmap_mQTL_p1e-12,mQTL,rosmap1,ROSMAP,meta-nalls-2014,ROSMAP_mQTL,
DLPFC,23,0.01,1.39387,-1,1021,61555,18070,1518507,rosmap_mQTL_p1e-12,mQTL,rosmap1,ROSMAP,meta-nalls-2014,ROSMAP_mQTL,
DLPFC,23,0.001,2.20242,-1,219,61555,2453,1518507,rosmap_mQTL_p1e-12,mQTL,rosmap1,ROSMAP,meta-nalls-2014,ROSMAP_mQTL,
DLPFC,23,1e-04,3.0032,-1,56,61555,460,1518507,rosmap_mQTL_p1e-12,mQTL,rosmap1,ROSMAP,meta-nalls-2014,ROSMAP_mQTL,
DLPFC,23,1e-05,5.31789,0,36,61555,167,1518507,rosmap_mQTL_p1e-12,mQTL,rosmap1,ROSMAP,meta-nalls-2014,ROSMAP_mQTL,0
DLPFC,23,1e-06,5.8045,0.00016497,20,61555,85,1518507,rosmap_mQTL_p1e-12,mQTL,rosmap1,ROSMAP,meta-nalls-2014,ROSMAP_mQTL,0.00016497
DLPFC,23,1e-07,6.43542,0.00121242,12,61555,46,1518507,rosmap_mQTL_p1e-12,mQTL,rosmap1,ROSMAP,meta-nalls-2014,ROSMAP_mQTL,0.00121242
DLPFC,23,1e-08,7.95778,0.000211784,10,61555,31,1518507,rosmap_mQTL_p1e-12,mQTL,rosmap1,ROSMAP,meta-nalls-2014,ROSMAP_mQTL,0.000211784
DLPFC,24,0.1,1.19232,-1,482,3853,159321,1518507,rosmap_sQTL_fdr0.05,sQTL,rosmap1,ROSMAP,meta-nalls-2014,ROSMAP_sQTL,
DLPFC,24,0.01,1.81025,-1,83,3853,18070,1518507,rosmap_sQTL_fdr0.05,sQTL,rosmap1,ROSMAP,meta-nalls-2014,ROSMAP_sQTL,
DLPFC,24,0.001,3.53462,-1,22,3853,2453,1518507,rosmap_sQTL_fdr0.05,sQTL,rosmap1,ROSMAP,meta-nalls-2014,ROSMAP_sQTL,
DLPFC,24,1e-04,8.56762,-1,10,3853,460,1518507,rosmap_sQTL_fdr0.05,sQTL,rosmap1,ROSMAP,meta-nalls-2014,ROSMAP_sQTL,
DLPFC,24,1e-05,18.8795,3e-05,8,3853,167,1518507,rosmap_sQTL_fdr0.05,sQTL,rosmap1,ROSMAP,meta-nalls-2014,ROSMAP_sQTL,3e-05
DLPFC,24,1e-06,27.8196,8e-05,6,3853,85,1518507,rosmap_sQTL_fdr0.05,sQTL,rosmap1,ROSMAP,meta-nalls-2014,ROSMAP_sQTL,8e-05
DLPFC,24,1e-07,42.8381,6e-05,5,3853,46,1518507,rosmap_sQTL_fdr0.05,sQTL,rosmap1,ROSMAP,meta-nalls-2014,ROSMAP_sQTL,6e-05
DLPFC,24,1e-08,63.5662,1e-05,5,3853,31,1518507,rosmap_sQTL_fdr0.05,sQTL,rosmap1,ROSMAP,meta-nalls-2014,ROSMAP_sQTL,1e-05
DLPFC,15,0.1,2.66005,-1,5999,12195,260419,1408205,cmc_eQTL_fdr0.05.chrpos,eQTL,CMC1,CommonMindConsortium,scz,CommonMindConsortium_eQTL,
DLPFC,15,0.01,6.64093,-1,2259,12195,39280,1408205,cmc_eQTL_fdr0.05.chrpos,eQTL,CMC1,CommonMindConsortium,scz,CommonMindConsortium_eQTL,
DLPFC,15,0.001,13.5429,-1,866,12195,7384,1408205,cmc_eQTL_fdr0.05.chrpos,eQTL,CMC1,CommonMindConsortium,scz,CommonMindConsortium_eQTL,
DLPFC,15,1e-04,23.0948,-1,393,12195,1965,1408205,cmc_eQTL_fdr0.05.chrpos,eQTL,CMC1,CommonMindConsortium,scz,CommonMindConsortium_eQTL,
DLPFC,15,1e-05,31.985,0,195,12195,704,1408205,cmc_eQTL_fdr0.05.chrpos,eQTL,CMC1,CommonMindConsortium,scz,CommonMindConsortium_eQTL,0
DLPFC,15,1e-06,38.2203,0,94,12195,284,1408205,cmc_eQTL_fdr0.05.chrpos,eQTL,CMC1,CommonMindConsortium,scz,CommonMindConsortium_eQTL,0
DLPFC,15,1e-07,42.3165,0,59,12195,161,1408205,cmc_eQTL_fdr0.05.chrpos,eQTL,CMC1,CommonMindConsortium,scz,CommonMindConsortium_eQTL,0
DLPFC,15,1e-08,58.3857,0,45,12195,89,1408205,cmc_eQTL_fdr0.05.chrpos,eQTL,CMC1,CommonMindConsortium,scz,CommonMindConsortium_eQTL,0
DLPFC,16,0.1,2.65297,-1,6585,13422,260419,1408205,cmc_isoQTL_fdr0.05.chrpos,isoQTL,CMC1,CommonMindConsortium,scz,CommonMindConsortium_isoQTL,
DLPFC,16,0.01,6.72296,-1,2517,13422,39280,1408205,cmc_isoQTL_fdr0.05.chrpos,isoQTL,CMC1,CommonMindConsortium,scz,CommonMindConsortium_isoQTL,
DLPFC,16,0.001,13.8251,-1,973,13422,7384,1408205,cmc_isoQTL_fdr0.05.chrpos,isoQTL,CMC1,CommonMindConsortium,scz,CommonMindConsortium_isoQTL,
DLPFC,16,1e-04,23.3862,-1,438,13422,1965,1408205,cmc_isoQTL_fdr0.05.chrpos,isoQTL,CMC1,CommonMindConsortium,scz,CommonMindConsortium_isoQTL,
DLPFC,16,1e-05,31.2965,0,210,13422,704,1408205,cmc_isoQTL_fdr0.05.chrpos,isoQTL,CMC1,CommonMindConsortium,scz,CommonMindConsortium_isoQTL,0
DLPFC,16,1e-06,37.6817,0,102,13422,284,1408205,cmc_isoQTL_fdr0.05.chrpos,isoQTL,CMC1,CommonMindConsortium,scz,CommonMindConsortium_isoQTL,0
DLPFC,16,1e-07,42.3581,0,65,13422,161,1408205,cmc_isoQTL_fdr0.05.chrpos,isoQTL,CMC1,CommonMindConsortium,scz,CommonMindConsortium_isoQTL,0
DLPFC,16,1e-08,50.6906,0,43,13422,89,1408205,cmc_isoQTL_fdr0.05.chrpos,isoQTL,CMC1,CommonMindConsortium,scz,CommonMindConsortium_isoQTL,0
DLPFC,21,0.1,3.14403,-1,457,786,260419,1408205,rosmap_aceQTL_p1e-5,aceQTL,rosmap1,ROSMAP,scz,ROSMAP_aceQTL,
DLPFC,21,0.01,8.80297,-1,193,786,39280,1408205,rosmap_aceQTL_p1e-5,aceQTL,rosmap1,ROSMAP,scz,ROSMAP_aceQTL,
DLPFC,21,0.001,22.0797,-1,91,786,7384,1408205,rosmap_aceQTL_p1e-5,aceQTL,rosmap1,ROSMAP,scz,ROSMAP_aceQTL,
DLPFC,21,1e-04,50.1468,-1,55,786,1965,1408205,rosmap_aceQTL_p1e-5,aceQTL,rosmap1,ROSMAP,scz,ROSMAP_aceQTL,
DLPFC,21,1e-05,76.347,0,30,786,704,1408205,rosmap_aceQTL_p1e-5,aceQTL,rosmap1,ROSMAP,scz,ROSMAP_aceQTL,0
DLPFC,21,1e-06,100.936,2e-05,16,786,284,1408205,rosmap_aceQTL_p1e-5,aceQTL,rosmap1,ROSMAP,scz,ROSMAP_aceQTL,2e-05
DLPFC,21,1e-07,144.664,0,13,786,161,1408205,rosmap_aceQTL_p1e-5,aceQTL,rosmap1,ROSMAP,scz,ROSMAP_aceQTL,0
DLPFC,21,1e-08,161.044,0.000897908,8,786,89,1408205,rosmap_aceQTL_p1e-5,aceQTL,rosmap1,ROSMAP,scz,ROSMAP_aceQTL,0.000897908
DLPFC,22,0.1,1.86934,-1,6813,19708,260419,1408205,rosmap_eQTL_p1e-5,eQTL,rosmap1,ROSMAP,scz,ROSMAP_eQTL,
DLPFC,22,0.01,3.1179,-1,1714,19708,39280,1408205,rosmap_eQTL_p1e-5,eQTL,rosmap1,ROSMAP,scz,ROSMAP_eQTL,
DLPFC,22,0.001,4.61583,-1,477,19708,7384,1408205,rosmap_eQTL_p1e-5,eQTL,rosmap1,ROSMAP,scz,ROSMAP_eQTL,
DLPFC,22,1e-04,5.99991,-1,165,19708,1965,1408205,rosmap_eQTL_p1e-5,eQTL,rosmap1,ROSMAP,scz,ROSMAP_eQTL,
DLPFC,22,1e-05,7.00325,0.0714286,69,19708,704,1408205,rosmap_eQTL_p1e-5,eQTL,rosmap1,ROSMAP,scz,ROSMAP_eQTL,0.0714286
DLPFC,22,1e-06,8.80589,0.0420168,35,19708,284,1408205,rosmap_eQTL_p1e-5,eQTL,rosmap1,ROSMAP,scz,ROSMAP_eQTL,0.0420168
DLPFC,22,1e-07,7.10097,0.475248,16,19708,161,1408205,rosmap_eQTL_p1e-5,eQTL,rosmap1,ROSMAP,scz,ROSMAP_eQTL,0.475248
DLPFC,22,1e-08,9.63418,0.247525,12,19708,89,1408205,rosmap_eQTL_p1e-5,eQTL,rosmap1,ROSMAP,scz,ROSMAP_eQTL,0.247525
DLPFC,23,0.1,2.54296,-1,3559,7568,260419,1408205,rosmap_mQTL_p1e-12,mQTL,rosmap1,ROSMAP,scz,ROSMAP_mQTL,
DLPFC,23,0.01,6.00192,-1,1267,7568,39280,1408205,rosmap_mQTL_p1e-12,mQTL,rosmap1,ROSMAP,scz,ROSMAP_mQTL,
DLPFC,23,0.001,13.0786,-1,519,7568,7384,1408205,rosmap_mQTL_p1e-12,mQTL,rosmap1,ROSMAP,scz,ROSMAP_mQTL,
DLPFC,23,1e-04,25.0939,-1,265,7568,1965,1408205,rosmap_mQTL_p1e-12,mQTL,rosmap1,ROSMAP,scz,ROSMAP_mQTL,
DLPFC,23,1e-05,32.51,0,123,7568,704,1408205,rosmap_mQTL_p1e-12,mQTL,rosmap1,ROSMAP,scz,ROSMAP_mQTL,0
DLPFC,23,1e-06,39.9665,0,61,7568,284,1408205,rosmap_mQTL_p1e-12,mQTL,rosmap1,ROSMAP,scz,ROSMAP_mQTL,0
DLPFC,23,1e-07,41.6065,7e-05,36,7568,161,1408205,rosmap_mQTL_p1e-12,mQTL,rosmap1,ROSMAP,scz,ROSMAP_mQTL,7e-05
DLPFC,23,1e-08,52.2679,4e-05,25,7568,89,1408205,rosmap_mQTL_p1e-12,mQTL,rosmap1,ROSMAP,scz,ROSMAP_mQTL,4e-05
DLPFC,24,0.1,2.79799,-1,282,545,260419,1408205,rosmap_sQTL_fdr0.05,sQTL,rosmap1,ROSMAP,scz,ROSMAP_sQTL,
DLPFC,24,0.01,7.36743,-1,112,545,39280,1408205,rosmap_sQTL_fdr0.05,sQTL,rosmap1,ROSMAP,scz,ROSMAP_sQTL,
DLPFC,24,0.001,19.5959,-1,56,545,7384,1408205,rosmap_sQTL_fdr0.05,sQTL,rosmap1,ROSMAP,scz,ROSMAP_sQTL,
DLPFC,24,1e-04,34.1885,-1,26,545,1965,1408205,rosmap_sQTL_fdr0.05,sQTL,rosmap1,ROSMAP,scz,ROSMAP_sQTL,
DLPFC,24,1e-05,44.0431,0.00393546,12,545,704,1408205,rosmap_sQTL_fdr0.05,sQTL,rosmap1,ROSMAP,scz,ROSMAP_sQTL,0.00393546
DLPFC,24,1e-06,72.7849,0.0025227,8,545,284,1408205,rosmap_sQTL_fdr0.05,sQTL,rosmap1,ROSMAP,scz,ROSMAP_sQTL,0.0025227
DLPFC,24,1e-07,96.293,0.00539957,6,545,161,1408205,rosmap_sQTL_fdr0.05,sQTL,rosmap1,ROSMAP,scz,ROSMAP_sQTL,0.00539957
DLPFC,24,1e-08,145.161,0.00437445,5,545,89,1408205,rosmap_sQTL_fdr0.05,sQTL,rosmap1,ROSMAP,scz,ROSMAP_sQTL,0.00437445
